Brand,Date,Title,Sentiment,Confidence,Source,URL,Description
"MediaTek",2026-04-17,"Samsung Leaves Customers High And Dry By Halting LPDDR4 Production, As Memory Crisis Forces A Shift Towards The Profitable LPDDR5 RAM",POSITIVE,0.99,"Wccftech","https://wccftech.com/samsung-halts-lpddr4-production-focuses-entirely-on-profitable-lpddr5-ram/","Older-generation LPDDR4 and LPDDR4X memory chips have been in production for about 8 to 10 years, but Samsung is reportedly pulling the plug on manufacturing, likely because it wants to focus more on maximizing profits by supplying LPDDR5 and LPDDR5X RAM chip…"
"MediaTek",2026-04-17,"vivo V70 FE review",NEGATIVE,0.99,"GSMArena.com","https://www.gsmarena.com/vivo_v70_fe-review-2954.php","Vivo decided to shake things up a bit this year in the V series, at least as far as naming is concerned. The main device in the lineup arguably remains..."
"MediaTek",2026-04-17,"Dimensity 9600 Pro Beats A19 Pro And Snapdragon 8 Elite Gen 5 By 25% In Benchmarks, But Extreme Heat May Erase That Gap - Wccftech",POSITIVE,0.99,"Slashdot.org","https://slashdot.org/firehose.pl?op=view&amp;id=181738878","Dimensity 9600 Pro Beats A19 Pro And Snapdragon 8 Elite Gen 5 By 25% In Benchmarks, But Extreme Heat May Erase That GapWccftech Leaked benchmarks show MediaTek pulling ahead of Apple and QualcommAndroid Headlines Dimensity 9600 Pro Chips Reach 5GHz Clock Spee…"
"MediaTek",2026-04-17,"I ditched my iPhone's hotspot for this 5G travel router - and I'm never going back",POSITIVE,0.99,"ZDNet","https://www.zdnet.com/home-and-office/networking/acer-connect-m6e-mobile-hotspot-review/","The Acer Connect M6E mobile hotspot is just better in almost every way."
"MediaTek",2026-04-14,"TECNO Launches Spark 50 4G Featuring 7,000 mAh Battery And Offline Connectivity",POSITIVE,0.99,"Ubergizmo","https://www.ubergizmo.com/2026/04/tecno-launches-spark-50-4g/","TECNO has officially expanded its entry-level lineup with the debut of the Spark 50 4G. Arriving shortly after its 5G counterpart, this new model prioritizes extreme battery endurance and specialized communication features tailored for users in regions with i…"
"MediaTek",2026-04-14,"This is the OnePlus Ace 6 Ultra",POSITIVE,0.99,"GSMArena.com","https://www.gsmarena.com/this_is_the_oneplus_ace_6_ultra-news-72365.php","OnePlus China President Li Jie has revealed the rear design of the upcoming Ace 6 Ultra today. The device will join the Ace 6 that launched in October and the Ace 6T which was announced in December. We assume the Ultra is coming very soon, but the company has…"
"MediaTek",2026-04-17,"Dimensity 9600 Pro Beats A19 Pro And Snapdragon 8 Elite Gen 5 By 25% In Benchmarks, But Extreme Heat May Erase That Gap",POSITIVE,0.99,"Wccftech","https://wccftech.com/dimensity-9600-pro-prototype-25-percent-faster-than-a19-pro-and-snapdragon-8-elite-gen-5/","One of the first recipients of TSMC’s 2nm ‘N2P’ process will be the Dimensity 9600 Pro, enabling MediaTek to move over to a new CPU cluster while also rumored to target higher 5.00GHz clock speeds for significantly improved single-core and multi-core performa…"
"MediaTek",2026-04-17,"Samsung issues warning about fake SSDs in Europe — as the PC crisis sparks a massive slump in CPU sales",NEGATIVE,0.99,"TechRadar","https://www.techradar.com/computing/storage-backup/samsung-issues-warning-about-fake-ssds-in-europe-as-the-pc-crisis-sparks-a-massive-slump-in-cpu-sales","More fake SSDs and a CPU sales slump — the casualties of the RAM crisis are piling up, sadly."
"MediaTek",2026-04-17,"Samsung’s latest Galaxy Tab for your kids could outlast their childhood",POSITIVE,0.99,"Android Authority","https://www.androidauthority.com/samsung-galaxy-tab-a11-plus-kids-edition-3658508/","Samsung's new Galaxy Tab A11 Plus Kids Edition comes with a protective case, stylus, and impressively-long software support."
"MediaTek",2026-04-17,"UMC Joins a Global Wave of Chipmakers Hiking Wafer Prices, Leaving Clients with Few Places Left to Turn",POSITIVE,0.99,"Wccftech","https://wccftech.com/umc-increases-wafer-prices-in-2h-2026/","UMC has just announced a price adjustment for its chipmaking business, leading to higher wafer prices as demand continues to exceed supply. UMC Officially Announces Wafer Price Hike, Commencing In The Second Half of 2026 Taiwanese semiconductor manufacturer, …"
"MediaTek",2026-04-17,"OnePlus Nord CE6 or CE6 Lite runs Geekbench, reveals its chipset",POSITIVE,0.99,"GSMArena.com","https://www.gsmarena.com/oneplus_nord_ce6_or_ce6_lite_runs_geekbench_reveals_its_chipset_-news-72412.php","OnePlus launched the Nord 6 earlier this month and the company is also expected to complete the family with the Nord CE6 and Nord CE6 Lite. Today a OnePlus device with the model number CPH2943 has been spotted in the Geekbench online database.

As you can see…"
"MediaTek",2026-04-16,"This one chart exposes how far Pixel has fallen behind in mobile gaming",NEGATIVE,0.99,"Android Authority","https://www.androidauthority.com/pixel-10-performance-chart-3657127/","This chart lays bare Google's absolute lack of progress in graphics across five generations of Tensor silicon in its Pixel smartphones."
"MediaTek",2026-04-15,"This free app can get your Android phone to run PC games better than ever",POSITIVE,0.99,"PhoneArena","https://www.phonearena.com/news/this-free-app-can-get-your-android-phone-to-run-pc-games-better-than-ever_id179687","This emulator update brings PC game compatibility to MediaTek and Exynos phones too."
"MediaTek",2026-04-16,"ADLINK OSM-MTK520 – A MediaTek Genio 520-based OSM Size-L system-on-module",POSITIVE,0.99,"CNX Software","https://www.cnx-software.com/2026/04/16/adlink-osm-mtk520-mediatek-genio-520-based-osm-size-l-system-on-module/","ADLINK OSM-MTK520 is a 45 x 45mm OSM Size-L system-on-module (SoM) powered by a MediaTek Genio 520 AIoT processor with a 10 TOPS NPU for Edge AI workloads. It's basically an upgrade to the company's OSM-MTK510 OSM Size-L module with a Genio 510 hexa-core SoC …"
"MediaTek",2026-04-16,"Global Extended Reality (XR) Market 2026-2036: VR, AR, and MR Technologies Analysis and Detailed Profiles of 74 Companies Across the XR Value Chain",POSITIVE,0.99,"GlobeNewswire","https://www.globenewswire.com/news-release/2026/04/16/3275071/28124/en/Global-Extended-Reality-XR-Market-2026-2036-VR-AR-and-MR-Technologies-Analysis-and-Detailed-Profiles-of-74-Companies-Across-the-XR-Value-Chain.html","The Extended Reality (XR) market is poised for substantial growth as technologies like Virtual Reality (VR), Augmented Reality (AR), and Mixed Reality (MR) mature and converge with advancements in AI, edge computing, and microdisplay technologies. An independ…"
"MediaTek",2026-04-16,"NVIDIA CEO, Jensen Huang, To Host GTC Taipei Keynote Ahead of Computex 2026, Will Unveil Next-Gen AI Breakthroughs & Consumer Surprise",POSITIVE,0.99,"Wccftech","https://wccftech.com/nvidia-ceo-jensen-huang-to-host-gtc-taipei-keynote-ahead-of-computex-2026/","NVIDIA has officially announced its GTC Taipei 2026 keynote, where CEO Jensen Huang will take the stage to unveil next-gen AI breakthroughs. NVIDIA To Host Its Own Special GTC Taipei Keynote Ahead of Computex, Will Focus on AI, But Consumer Updates Also On Th…"
"MediaTek",2026-04-15,"This midrange FE phone goes large on camera hardware with a telephoto zoom extender",POSITIVE,0.99,"Android Authority","https://www.androidauthority.com/vivo-x300-fe-global-launch-3657947/","The Vivo X300 FE is getting an official global launch with a slimmer design and support for the Telephoto Extender Gen 2."
"MediaTek",2026-04-15,"Motorola Edge 70 Pro to debut on April 22, key specs revealed",POSITIVE,0.99,"GSMArena.com","https://www.gsmarena.com/motorola_edge_70_pro_to_debut_on_april_22_key_specs_revealed-news-72376.php","After a series of teasers, Motorola has officially announced the launch date for the Edge 70 Pro, while also confirming several of its key specifications.

The Motorola Edge 70 Pro will debut in India on April 22 and will be available via Flipkart, Motorola’s…"
"MediaTek",2026-04-15,"MacBook Neo vs. Chromebook Plus: Apple Shakes Up Budget Laptops, But Who Wins?",POSITIVE,0.99,"PCMag.com","https://uk.pcmag.com/laptops/164427/macbook-neo-vs-chromebook-plus-apple-shakes-up-budget-laptops-but-who-wins","Apple’s MacBook Neo delivers standout value and performance for $599, but Google’s ChromeOS still holds its own, especially on the best Chromebook Plus models. Here’s how these new rivals stack up.
Operating System: Squaring Off Over SoftwarePriced at $599, t…"
"MediaTek",2026-04-15,"The Samsung Galaxy Z Flip 7 FE is a well-designed foldable that still feels too expensive for what it is",NEGATIVE,0.99,"TechRadar","https://www.techradar.com/phones/samsung-galaxy-phones/review-samsung-galaxy-z-flip-7-fe","The Samsung Galaxy Z Flip 7 FE looks the part, but it struggles to justify its price tag in several key areas."
"MediaTek",2026-04-14,"OnePlus is gearing up to launch a new ‘Ultra’ gaming phone",POSITIVE,0.99,"Android Authority","https://www.androidauthority.com/oneplus-ace-6-ultra-reveal-3657556/","OnePlus is rounding out the Ace 6 lineup with a new Ace 6 Ultra model, complete with a Dimensity 9500 chipset and a 165Hz screen."
"MediaTek",2026-04-15,"Lenovo Yoga Slim 7a 14 Laptop Review: Slim at any price",POSITIVE,0.99,"Notebookcheck.net","https://www.notebookcheck.net/Lenovo-Yoga-Slim-7a-14-Laptop-Review-Slim-at-any-price.1272772.0.html","Full of surprises. | The slim edition of Lenovo's popular Yoga series comes with an elegant and particularly thin chassis. We look at which aspects work, which ones suffer, and how the fresh Ryzen AI 7 445 processor performs in our review."
"MediaTek",2026-04-15,"This powerful PC game emulator for Android just got a big update",POSITIVE,0.99,"Android Authority","https://www.androidauthority.com/winlator-v11-stable-release-android-pc-emulator-3657643/","Winlator v11.0 arrives with Wine 10.10 and updated drivers, bringing improved PC game emulation to Snapdragon 8 Elite and Mali-based devices."
"MediaTek",2026-04-15,"A Tiny NAS With Big Storage: Beelink Me Pro & 22TB WD Red Review",POSITIVE,0.99,"Hot Hardware","https://hothardware.com/reviews/beelink-me-pro-nas-with-wd-red-22tb-hdd","Beelink Me Pro NAS: $379 - $559 ($459 As Tested) The Beelink Me Pro NAS is a modular, well-built, small for factor two-bay NAS device with good looks and an excellent feature set. Solid Performance Up To 5Gb Ethernet Fully-Featured PC (Intel Version) High Bui…"
"MediaTek",2026-04-15,"MacBook Neo vs. Chromebook Plus: Apple Shakes Up Budget Laptops, But Who Wins?",POSITIVE,0.99,"PCMag.com","https://me.pcmag.com/en/laptops/36583/macbook-neo-vs-chromebook-plus-apple-shakes-up-budget-laptops-but-who-wins","Apple’s MacBook Neo delivers standout value and performance for $599, but Google’s ChromeOS still holds its own, especially on the best Chromebook Plus models. Here’s how these new rivals stack up.
Operating System: Squaring Off Over SoftwarePriced at $599, t…"
"Snapdragon",2026-04-17,"5 T-Mobile Perks At Costco That Put Money Back In Your Pocket",POSITIVE,0.99,"BGR","https://www.bgr.com/2145048/t-mobile-perks-at-costco-that-put-money-back-in-pocket/","T-Mobile's deals for Costco members cover device upgrades, new lines, and home internet plans. Many of them can put hundreds of dollars in your pocket."
"MediaTek",2026-04-13,"Vulnerability Summary for the Week of April 6, 2026",NEGATIVE,0.99,"Cisa.gov","https://www.cisa.gov/news-events/bulletins/sb26-103","High Vulnerabilities

<table>

<tr>
<th>PrimaryVendor -- Product</th>
<th>Description</th>
<th>Published</th>
<th>CVSS Score</th>
<th>Source Info</th>
<th>Patch Info</th>
</tr>



<tr>
<td>nyariv--SandboxJS</td>
<td>SandboxJS is a JavaScript sandboxing libr…"
"Snapdragon",2026-04-17,"Asus Zenbook A16 Review: Sometimes bigger IS better",POSITIVE,0.99,"MobileSyrup","https://mobilesyrup.com/2026/04/17/asus-zenbook-a16-review/","One of my favourite laptops from last year was the Asus Zenbook A14. Sporting Qualcomm’s Snapdragon X chip and Asus’ fancy ‘ceraluminum’ material, it quickly earned a place in my heart thanks to how light it is. However, nothing is perfect, and while the Zenb…"
"MediaTek",2026-04-14,"Tecno Spark 50 4G is now official with Helio G81 SoC, 7,000 mAh battery",POSITIVE,0.99,"GSMArena.com","https://www.gsmarena.com/tecno_spark_50_4g_is_now_official_with_helio_g81_soc_700_mah_battery-news-72346.php","The Tecno Spark 50 5G launched in late March, and today it's joined by the 4G version. This Spark 50 has a 6.78-inch 720x1600 LCD screen with 120Hz refresh rate, the MediaTek Helio G81 SoC at the helm, and a 7,000 mAh battery with support for 18W wired chargi…"
"Snapdragon",2026-04-17,"This Powerful New Android Phone Has A Battery That Can Last Days",POSITIVE,0.99,"BGR","https://www.bgr.com/2146219/oneplus-nord-6-android-battery-lasts-days/","A new phone is shattering battery life expectations. See how the battery in the OnePlus Nord 6 lasts for days and why it’s a game-changer for power users."
"MediaTek",2026-04-13,"Nvidia’s New PC Strategy Is Bigger Than a Single Acquisition",POSITIVE,0.99,"Gadgetreview.com","https://www.gadgetreview.com/nvidias-new-pc-strategy-is-bigger-than-a-single-acquisition","Nvidia's strategic partnerships and licensing deals with Groq, Intel, and MediaTek prove more effective than buyouts for PC market domination."
"MediaTek",2026-04-14,"Oppo F33 Pro shows up in the Google Play Console, has some specs revealed",POSITIVE,0.99,"GSMArena.com","https://www.gsmarena.com/oppo_f33_pro_shows_up_in_the_google_play_console_has_some_specs_revealed-news-72353.php","Oppo is launching the F33 and F33 Pro in India on April 15, and now, less than 48 hours ahead of that, the latter has been spotted in the Google Play Console with the model number CPH2835. This has outed the following image depicting the handset.



The listi…"
"MediaTek",2026-04-14,"Everything We Know About the CMF Phone 3 Pro Ahead of Its 2026 Launch",POSITIVE,0.99,"Geeky Gadgets","https://www.geeky-gadgets.com/what-to-expect-cmf-phone-3-pro/","The CMF Phone 3 Pro is poised to continue CMF’s focus on delivering reliable and user-centered smartphones, with a range of thoughtful upgrades over its predecessor. As highlighted by TechAvid, one of the most significant changes is the shift to the Snapdrago…"
"MediaTek",2026-04-14,"Hdr Image Signal Processor Market Report 2026-2030 & 2035: Opportunities Lie in AI Integration, Real-time HDR Video Processing, and Improved Low-light Performance Solutions",POSITIVE,0.99,"GlobeNewswire","https://www.globenewswire.com/news-release/2026/04/14/3273086/28124/en/Hdr-Image-Signal-Processor-Market-Report-2026-2030-2035-Opportunities-Lie-in-AI-Integration-Real-time-HDR-Video-Processing-and-Improved-Low-light-Performance-Solutions.html","The HDR image signal processor market is poised for growth driven by rising consumer electronics demand, advancements in autonomous vehicle vision systems, and burgeoning surveillance and medical imaging applications. Key opportunities lie in AI integration, …"
"MediaTek",2026-04-14,"Xiaomi's new iPad mini rival with 165Hz display confirmed for imminent launch",POSITIVE,0.99,"Notebookcheck.net","https://www.notebookcheck.net/Xiaomi-s-new-iPad-mini-rival-with-165Hz-display-confirmed-for-imminent-launch.1273283.0.html","The Redmi K Pad 2 was recently announced as a new flagship tablet with a small form factor. This iPad mini rival from Xiaomi now has a launch date. The full unveiling is set for April 21, 2026."
"MediaTek",2026-04-14,"This is not a test: T-Mobile will already give you the TCL NXTPAPER 70 Pro for FREE with new deal",POSITIVE,0.99,"Android Central","https://www.androidcentral.com/phones/t-mobile/this-is-not-a-test-t-mobile-will-already-give-you-the-tcl-nxtpaper-70-pro-for-free-with-new-deal","This eye-friendly smartphone has already gone viral, and now you can get your own for FREE by adding a line at T-Mobile."
"Snapdragon",2026-04-16,"vivo X300 Ultra Review: Putting the Camera at the Center of Everything",POSITIVE,0.99,"Yanko Design","https://www.yankodesign.com/2026/04/16/vivo-x300-ultra-review-putting-the-camera-at-the-center-of-everything/","vivo X300 Ultra Review: Putting the Camera at the Center of EverythingThe premium smartphone market has gotten very good at producing flagships that look and feel essentially identical. Brighter displays, larger sensors, and faster chips are..."
"Snapdragon",2026-04-16,"The Next Surface PCs May Not Be the Big Upgrades You Hoped for",POSITIVE,0.99,"Gizmodo.com","https://gizmodo.com/next-surface-pcs-may-not-be-the-big-upgrades-you-hoped-for-2000747499","Expect Microsoft's next Surface Pro and Surface Laptops to cost more for a simple refresh."
"Snapdragon",2026-04-16,"Pick Up an Unlocked Galaxy S25 Plus at a Record-Low $700 While You Still Can",POSITIVE,0.99,"CNET","https://www.cnet.com/deals/samsung-galaxy-s25-plus-deal/","The midsize model from Samsung's previous-gen lineup is now $300 off."
"Snapdragon",2026-04-16,"Moto G Stylus 2026 vs. Moto G Stylus 2025: When a pen is mightier than specs",POSITIVE,0.99,"Android Central","https://www.androidcentral.com/phones/motorola/moto-g-stylus-2026-vs-moto-g-stylus-2025","The Moto G Stylus 2026 finally features an active stylus, the best waterproofing, and a larger battery. Time to see if these upgrades are truly worth $100 more than the Moto G Sylus 2025."
"Snapdragon",2026-04-16,"These jaw-dropping photos show why Samsung and Google are no longer camera phone champs",NEGATIVE,0.99,"Android Police","https://www.androidpolice.com/i-took-these-jaw-dropping-photos-with-the-vivo-x300-ultra-the-wildest-phone-ive-ever-used/","The Vivo X300 Ultra and its teleconverters are pure camera joy"
"Snapdragon",2026-04-16,"OnePlus Watch 4 looks ready for a global debut in leaked packaging, if it gets the chance",NEGATIVE,0.99,"9to5google.com","http://9to5google.com/2026/04/16/oneplus-watch-4-ready-for-global-debut-in-leaked-packaging/","Even with the rumors that OnePlus is falling by the wayside and shutting doors, the expected OnePlus Watch 4 from the brand is reportedly being readied for a global debut, according to a recent leak.



 more…"
"Snapdragon",2026-04-16,"Toyota’s $15,000 electric SUV surpasses 80,000 deliveries in China in its first year",POSITIVE,0.99,"Electrek","http://electrek.co/2026/04/16/toyotas-15k-ev-surpasses-80000-deliveries-china-one-year/","The bZ3X, Toyota’s fully electric SUV, is a hit in China. After delivering over 80,000 units in its first year on the market, the bZ3X has now remained the best-selling EV from a joint venture in China for 7 months straight.



 more…"
"Snapdragon",2026-04-16,"Verizon wants to give you a free Galaxy S26 Ultra AND a $100 gift card, just for kicks — here's the deal",POSITIVE,0.99,"Android Central","https://www.androidcentral.com/phones/samsung-galaxy/verizon-wants-to-give-you-a-free-galaxy-s26-ultra-and-a-usd100-gift-card-just-for-kicks-heres-the-deal","Verizon has just leveled up one of its best deals by adding a free $100 gift card when you buy a phone and add an eligible line on its website!"
"Snapdragon",2026-04-17,"vivo X300 Ultra and X300 FE are 'coming soon' to India with telephoto extenders, FE gains a new color",POSITIVE,0.99,"GSMArena.com","https://www.gsmarena.com/vivo_x300_ultra_x300_fe_india_launch_soon-news-72417.php","The vivo X300 Ultra and vivo X300 FE, which began their international rollout yesterday, are ""coming soon"" to India. This revelation comes straight from vivo's Indian branch, which has started teasing the two smartphones in the Asian country.

The teasers pos…"
"Snapdragon",2026-04-17,"5 Budget Android Phones More Powerful Than The Google Pixel 10a",POSITIVE,0.99,"BGR","https://www.bgr.com/2139300/budget-android-phones-more-powerful-than-google-pixel-10a/","If the Pixel 10a feels a little too familiar, there are other Android phones in the same range that offer a lot more raw power for the money."
"Snapdragon",2026-04-17,"Samsung tipped to use UFS 5.0 storage on select Galaxy S27 models",POSITIVE,0.99,"GSMArena.com","https://www.gsmarena.com/samsung_tipped_to_use_ufs_50_storage_on_select_galaxy_s27_models-news-72415.php","It’s only been a few months since Samsung unveiled the Galaxy S26 series, yet leaks about the company’s next-generation Galaxy S27 lineup have already begun to surface. A new leak has now revealed the type of storage the upcoming lineup is expected to feature…"
"Snapdragon",2026-04-17,"The best budget smartphones you can buy",POSITIVE,0.99,"The Verge","https://www.theverge.com/gadgets/912271/best-budget-smartphones-cheap-iphone-android-phones","Some of us take a kind of “eat to live” rather than a “live to eat” approach to gadgets. They’re tools that help you get things done, not something you want to invest a lot of time or money in. If that’s you — and there’s no judgment here from a certifiable g…"
"Snapdragon",2026-04-17,"Yes, Visible will really give you $480 when you buy the Samsung Galaxy S26 — but there's a catch",POSITIVE,0.99,"Android Central","https://www.androidcentral.com/phones/visible/yes-visible-will-really-give-you-usd480-when-you-buy-the-samsung-galaxy-s26-but-theres-a-catch","New and existing customers who sign up for Visible's Plus Pro plan will score $480 when they buy the Samsung Galaxy S26."
"Snapdragon",2026-04-17,"ASUS Zenbook A14 (UX3407) Laptop",POSITIVE,0.99,"Gadget Flow","https://thegadgetflow.com/?p=725683","Meet the ASUS Zenbook UX3407 A14, a 14-inch ultralight laptop. It delivers a long battery life, durable Ceraluminum build, and Snapdragon X2 Elite performance. Ultra-light design: Weighing just 2.18 lbs in a Ceraluminum chassis, it reduces carry weight. Meanw…"

--- KPI Summary ---
Brand,Positive %,Negative %,Total Articles
MediaTek,64.0%,10.0%,50
Snapdragon,60.0%,10.0%,50